epoch,accuracy,loss,val_accuracy,val_loss
0,0.1666666716337204,2.227926015853882,0.0,1.850806713104248
1,0.1666666716337204,2.2560551166534424,0.0,1.9281954765319824
